CustomerID,Age,Gender,CostPaid,ServiceUsageCount,QualityOfService,SpeedOfService,StaffHelpfulness,WebsiteEaseOfAccess,NeedToRevisit,DiscountUsage,RegularUser,OverallSatisfaction,SatisfactionCategory
1,38,Female,749.097625570634,24,2,1,3,5,No,135.392573257199,No,2.75,Average
2,30,Male,735.224915616338,18,5,4,4,5,Yes,193.450663190229,Yes,4.5,Excellent
3,55,Male,1145.52030511825,22,3,5,4,1,No,147.246262834277,Yes,3.25,Average
4,39,Female,925.460535143426,14,4,3,2,4,Yes,56.3628942298051,Yes,3.25,Average
5,51,Male,108.359916203091,9,3,3,2,5,Yes,338.731055370735,No,3.25,Average
6,51,Male,240.187335892141,17,2,2,5,3,Yes,34.2653164563545,Yes,3.0,Average
7,61,Male,553.242473851819,24,4,2,5,1,No,393.152220226255,Yes,3.0,Average
8,28,Male,1216.02334917204,11,1,1,4,2,No,419.19436592053,Yes,2.0,Average
9,34,Female,1964.19190038523,9,5,4,3,4,No,278.249675238059,No,4.0,Excellent
10,29,Male,1333.384251147,27,5,4,5,1,Yes,52.7355099738542,No,3.75,Excellent
11,47,Female,1500.16413695418,3,3,2,4,3,Yes,387.684717540447,Yes,3.0,Average
12,58,Male,1456.06988042347,6,2,3,2,3,Yes,135.721548685794,No,2.5,Average
13,19,Male,85.0045969655795,17,2,5,5,3,No,101.582194030792,No,3.75,Excellent
14,41,Male,1370.16776371871,6,3,3,5,5,Yes,490.846777348109,No,4.0,Excellent
15,41,Male,1115.33679392859,6,3,2,1,2,No,346.399663897629,Yes,2.0,Average
16,40,Male,1530.67420815494,29,2,3,5,3,Yes,396.066641431341,No,3.25,Average
17,57,Male,1379.12327318696,25,5,3,5,5,Yes,375.819724397301,No,4.5,Excellent
18,51,Male,1110.22524955858,22,2,4,1,1,No,460.232783683868,No,2.0,Average
19,35,Male,1752.41260517529,6,4,2,4,2,No,488.626862886013,Yes,3.0,Average
20,43,Female,544.454426412731,15,4,1,5,1,Yes,494.649842021583,No,2.75,Average
21,59,Female,197.583678590313,27,5,3,3,1,Yes,246.298622910635,Yes,3.0,Average
22,42,Female,1816.79364347399,4,5,2,5,4,Yes,455.904879081892,Yes,4.0,Excellent
23,61,Male,1999.6559676316,3,3,4,3,3,Yes,362.538088389642,Yes,3.25,Average
24,38,Female,1006.36478766904,2,3,2,4,3,Yes,123.605374432516,Yes,3.0,Average
25,66,Male,1440.19462542295,5,5,2,4,1,Yes,252.233669305992,Yes,3.0,Average
26,66,Female,1246.54432499241,20,3,3,3,2,No,125.072737247445,No,2.75,Average
27,49,Male,1187.14970289569,20,1,3,5,1,Yes,355.145646384199,No,2.5,Average
28,44,Male,1440.27359142622,7,4,2,1,1,No,299.221802293813,No,2.0,Average
29,35,Female,1243.78675050308,8,4,2,3,1,No,350.98307770997,Yes,2.5,Average
30,30,Male,1990.52938572452,13,1,1,2,2,No,280.393274506439,No,1.5,Poor
31,56,Male,1760.15158768785,22,1,4,4,2,No,294.890418528837,Yes,2.75,Average
32,30,Female,672.572558923235,2,3,1,4,1,No,244.036108599697,Yes,2.25,Average
33,24,Male,1394.54938515528,23,3,5,2,1,No,347.629812494537,Yes,2.75,Average
34,57,Male,1764.76041280539,3,4,4,3,4,No,293.985217782927,No,3.75,Excellent
35,36,Male,1049.73818029218,8,2,5,2,5,No,155.129298223823,No,3.5,Excellent
36,65,Male,969.727980548095,11,1,5,2,1,No,301.756292373379,Yes,2.25,Average
37,55,Male,307.083858218625,5,5,4,4,3,Yes,365.701729568713,Yes,4.0,Excellent
38,19,Male,428.243237438405,5,2,5,5,2,No,251.856640022251,No,3.5,Excellent
39,61,Male,1726.20132741341,28,1,5,2,1,No,361.606790046179,No,2.25,Average
40,38,Male,887.836999912845,1,2,2,5,5,Yes,75.1921900507815,Yes,3.5,Excellent
41,45,Female,1953.21989910674,7,4,2,2,4,Yes,112.194103591156,No,3.0,Average
42,68,Female,1887.59588757186,14,4,1,3,2,Yes,0.944364454116053,No,2.5,Average
43,38,Male,1281.97651642155,26,1,3,2,5,Yes,233.719063040147,Yes,2.75,Average
44,20,Male,561.625736535096,9,4,3,5,5,No,311.459959107655,No,4.25,Excellent
45,51,Male,604.20432385934,15,4,4,5,4,No,77.5798358966361,Yes,4.25,Excellent
46,20,Female,1778.85793597616,25,4,3,3,1,Yes,251.915307957848,No,2.75,Average
47,18,Male,99.4160850905358,5,1,1,2,5,No,342.742149155296,No,2.25,Average
48,43,Female,1317.00644751027,9,3,1,1,3,No,166.718827664378,No,2.0,Average
49,37,Male,1505.06901962354,17,1,2,4,1,Yes,236.113956051554,Yes,2.0,Average
50,21,Male,660.276543187532,12,1,2,5,1,Yes,273.709739227471,Yes,2.25,Average
51,56,Male,1957.25568145083,29,1,3,1,2,Yes,199.684440286116,No,1.75,Poor
52,59,Female,411.68026062318,17,3,5,1,4,Yes,60.5743594906177,No,3.25,Average
53,22,Male,89.8523234568571,24,4,5,5,1,No,149.042147300029,No,3.75,Excellent
54,39,Male,1122.67523604019,2,2,4,2,5,No,354.954570753557,Yes,3.25,Average
55,60,Female,1680.5594128178,15,2,4,2,1,Yes,351.385627469787,Yes,2.25,Average
56,24,Male,125.559862486762,15,2,4,5,4,No,256.183117295113,Yes,3.75,Excellent
57,56,Male,697.239860497154,6,5,2,3,2,No,79.4696503090206,No,3.0,Average
58,62,Female,186.00078862142,6,5,4,5,5,Yes,496.367529054385,Yes,4.75,Excellent
59,48,Male,277.129752601481,19,2,3,3,1,No,52.9166677554542,No,2.25,Average
60,22,Female,1238.95159417363,24,5,2,3,1,No,134.159200887393,Yes,2.75,Average
61,31,Male,1786.11372034996,22,2,1,1,1,Yes,91.2547522374215,No,1.25,Poor
62,24,Male,117.94199415897,6,2,1,5,4,No,215.000466046126,No,3.0,Average
63,41,Female,1542.31065129106,22,3,2,3,4,Yes,428.924411337261,Yes,3.0,Average
64,38,Male,958.929074658918,1,4,2,2,1,No,488.284572550961,No,2.25,Average
65,38,Female,762.766726219932,12,3,3,5,2,No,402.379856039074,Yes,3.25,Average
66,45,Male,1166.26134232979,10,3,3,5,5,Yes,166.920501838436,Yes,4.0,Excellent
67,28,Female,576.468637199133,8,5,2,5,2,No,167.508727043923,Yes,3.5,Excellent
68,55,Female,130.601334865997,7,1,5,2,5,No,97.380062192568,No,3.25,Average
69,30,Female,1072.78126963392,5,2,5,4,1,No,416.914466315038,Yes,3.0,Average
70,63,Male,471.301781022497,6,2,5,2,5,Yes,358.530826416474,Yes,3.5,Excellent
71,61,Male,1275.09470118862,8,2,3,3,2,Yes,257.584290858607,No,2.5,Average
72,69,Female,1526.94369942662,7,4,5,2,5,No,175.184491581435,No,4.0,Excellent
73,34,Male,1054.80251345624,9,5,3,3,1,Yes,424.486794055809,Yes,3.0,Average
74,47,Female,942.430723747516,27,5,4,4,3,No,108.140150992657,No,4.0,Excellent
75,48,Male,1106.56801472388,14,2,5,4,2,No,291.371746065078,No,3.25,Average
76,32,Male,203.246182334097,5,5,1,3,5,No,256.564053267559,No,3.5,Excellent
77,69,Female,1765.57543498267,25,4,3,1,5,No,379.078106622163,Yes,3.25,Average
78,56,Female,246.218517549372,15,4,1,4,2,Yes,330.776098722316,Yes,2.75,Average
79,59,Female,853.197927930031,6,4,2,3,2,No,447.996872080172,Yes,2.75,Average
80,40,Male,202.458087588695,19,1,1,2,2,No,320.013828003128,No,1.5,Poor
81,47,Female,1628.59255265633,22,5,2,4,5,Yes,347.908721919202,No,4.0,Excellent
82,22,Male,732.642917794248,3,1,2,4,4,Yes,292.446225086111,Yes,2.75,Average
83,27,Female,1507.24063788213,13,2,5,5,4,Yes,316.40229108066,No,4.0,Excellent
84,43,Male,898.477786051269,12,5,2,4,4,No,291.838855102646,No,3.75,Excellent
85,24,Female,1725.35894974411,6,3,3,5,3,No,311.531932406357,Yes,3.5,Excellent
86,49,Female,396.478715225808,6,2,1,4,2,Yes,13.5362839276128,No,2.25,Average
87,59,Male,557.43915202255,4,2,1,4,2,No,106.85545174314,No,2.25,Average
88,20,Female,563.325409607395,25,2,4,4,1,No,238.405122135423,Yes,2.75,Average
89,54,Male,1419.85799289312,24,5,4,1,3,No,235.075872665442,No,3.25,Average
90,49,Male,1723.54471954118,21,3,5,1,4,No,214.308591202299,Yes,3.25,Average
91,40,Female,1198.5126290077,1,5,5,3,5,Yes,93.8572507967534,No,4.5,Excellent
92,64,Female,406.914509685227,26,3,5,4,1,Yes,199.505916024694,No,3.25,Average
93,50,Female,79.1827392756246,21,5,3,3,5,No,37.5940488307648,No,4.0,Excellent
94,27,Male,828.964927810384,10,1,1,1,5,Yes,60.6447352364647,Yes,2.0,Average
95,29,Female,809.340673267258,28,4,5,4,1,No,88.0445193404532,Yes,3.5,Excellent
96,26,Female,1865.27186255185,17,5,4,3,1,No,213.960176509735,No,3.25,Average
97,65,Female,1532.09569868278,27,3,2,4,3,No,333.210162012793,No,3.0,Average
98,62,Female,170.331344144173,13,2,2,4,4,No,228.56120139148,No,3.0,Average
99,56,Female,1918.58344276659,10,1,4,3,2,No,239.62873452932,No,2.5,Average
100,45,Female,742.529661730747,24,5,2,5,2,No,75.1918905016144,No,3.5,Excellent
101,32,Female,1161.6522507725,23,2,1,3,1,No,388.974923150078,No,1.75,Poor
102,66,Male,1272.91229266586,1,5,1,4,5,No,175.960208172524,Yes,3.75,Excellent
103,68,Male,1159.59781119686,22,3,5,3,3,Yes,212.317512986504,Yes,3.5,Excellent
104,32,Female,1419.75676040448,21,1,1,1,3,Yes,242.222824441796,Yes,1.5,Poor
105,56,Male,466.079791770712,10,2,2,1,5,No,447.284837743402,No,2.5,Average
106,28,Female,1370.15363500481,29,5,5,5,1,No,486.455738708486,Yes,4.0,Excellent
107,46,Female,717.675918016711,7,5,2,1,4,No,404.032501610298,No,3.0,Average
108,36,Female,1856.00230263179,21,1,1,3,5,No,178.337639922139,No,2.5,Average
109,51,Male,1020.01509044529,3,1,1,3,4,No,380.012768384882,No,2.25,Average
110,20,Female,1631.86316360417,11,3,3,1,5,Yes,77.2030301742882,Yes,3.0,Average
111,61,Male,547.112841100367,12,3,4,3,5,Yes,188.4638434472,No,3.75,Excellent
112,35,Male,1690.09465747401,27,1,3,3,3,No,90.696632693945,Yes,2.5,Average
113,47,Male,756.552123877292,13,5,3,1,4,No,207.347988642081,Yes,3.25,Average
114,37,Male,460.653398783682,2,4,3,2,4,No,271.857148065746,Yes,3.25,Average
115,42,Female,1972.29999625751,5,2,2,4,5,No,52.8094955598325,No,3.25,Average
116,56,Male,1990.45398562795,19,4,2,5,4,Yes,195.980923961491,No,3.75,Excellent
117,47,Male,1355.49901156617,15,3,1,1,5,Yes,494.096537362831,Yes,2.5,Average
118,45,Female,625.323544243043,12,5,1,1,2,No,219.930835504534,No,2.25,Average
119,28,Female,534.330493997984,16,2,2,5,3,No,168.443476834173,Yes,3.0,Average
120,29,Male,1553.57232064543,27,3,3,3,5,No,149.6139468904,No,3.5,Excellent
121,68,Male,1434.48107776517,19,5,1,4,5,No,387.652527140703,Yes,3.75,Excellent
122,60,Male,93.8303952708481,29,5,5,2,3,Yes,110.09427880101,Yes,3.75,Excellent
123,54,Male,1801.10692926954,26,4,5,3,4,Yes,256.619964035569,No,4.0,Excellent
124,43,Female,1837.63036751756,18,1,1,4,2,No,465.712954668272,Yes,2.0,Average
125,35,Female,1493.00917197422,4,1,3,5,4,No,460.097839701226,Yes,3.25,Average
126,21,Male,390.837271747482,8,3,2,3,5,No,355.005879723008,Yes,3.25,Average
127,39,Male,483.695820413448,4,2,3,3,1,Yes,117.973240105031,Yes,2.25,Average
128,40,Male,1263.45352555706,23,1,5,1,2,No,8.95777010012999,Yes,2.25,Average
129,19,Male,965.370813482047,6,4,3,2,4,No,234.386625859344,Yes,3.25,Average
130,55,Male,1569.83014702626,23,4,2,4,2,No,103.316856708389,No,3.0,Average
131,41,Female,1188.36027027898,5,2,3,1,3,Yes,345.42952861848,Yes,2.25,Average
132,45,Female,462.618531573654,6,5,3,1,4,Yes,260.103240863355,No,3.25,Average
133,67,Male,1913.36795480997,25,2,1,4,5,No,13.8560355830018,Yes,3.0,Average
134,34,Female,1608.07534534963,6,1,4,3,2,No,32.2285780244382,No,2.5,Average
135,27,Male,1169.25362226852,5,4,5,1,4,No,436.255446004847,Yes,3.5,Excellent
136,21,Male,686.169181677989,4,5,2,4,4,No,167.914711570517,No,3.75,Excellent
137,44,Female,1026.7296286612,11,3,5,2,3,No,87.1437742423598,Yes,3.25,Average
138,21,Male,1838.45310883331,2,5,3,3,2,No,12.4516850109702,Yes,3.25,Average
139,34,Female,1645.44664558716,26,3,2,1,3,No,452.626411112872,No,2.25,Average
140,38,Male,269.155342250767,7,5,3,1,4,No,84.7659516805456,Yes,3.25,Average
141,34,Female,1701.47052122039,17,2,4,4,5,No,486.003801849066,No,3.75,Excellent
142,27,Female,1291.06878904701,19,5,3,3,5,Yes,140.3831684184,Yes,4.0,Excellent
143,38,Male,377.824319957091,20,4,4,4,1,No,156.720579256989,No,3.25,Average
144,61,Female,622.523219074923,22,2,1,2,1,No,346.125775619909,Yes,1.5,Poor
145,39,Male,1899.01659130727,15,5,1,5,1,Yes,183.235413836399,Yes,3.0,Average
146,45,Male,394.099312521941,18,3,2,3,5,No,440.226977353032,Yes,3.25,Average
147,25,Female,741.823671725936,18,1,3,2,2,Yes,63.9795212641222,No,2.0,Average
148,40,Female,1665.19994410328,15,1,5,4,2,No,251.816712040487,Yes,3.0,Average
149,40,Male,1572.35326683552,8,2,5,4,4,No,30.1596031548955,Yes,3.75,Excellent
150,36,Male,385.737345982573,15,4,4,3,2,No,243.587493825001,Yes,3.25,Average
151,29,Female,193.257784243468,17,1,5,4,4,No,432.629381282942,Yes,3.5,Excellent
152,63,Male,1051.81938179834,2,5,1,5,4,Yes,201.596296714062,No,3.75,Excellent
153,60,Female,1045.20877427319,1,3,4,1,1,Yes,28.7978165380782,Yes,2.25,Average
154,47,Female,1814.79444366678,29,3,5,1,3,No,202.40873352567,No,3.0,Average
155,55,Female,1820.57655976411,22,1,2,5,5,Yes,135.946506694414,Yes,3.25,Average
156,38,Female,1546.19502724265,27,4,1,4,5,No,311.956934725957,Yes,3.5,Excellent
157,66,Female,1692.87891948624,5,4,4,2,2,No,266.656306420936,No,3.0,Average
158,18,Male,1466.32526297763,18,4,3,5,2,No,436.852750257272,Yes,3.5,Excellent
159,69,Male,125.076286931981,27,3,2,5,2,Yes,278.429036069387,No,3.0,Average
160,29,Female,1872.47577825746,28,4,5,1,3,Yes,55.2483373618785,No,3.25,Average
161,38,Female,1100.12519350254,23,5,4,1,1,No,317.297186151714,Yes,2.75,Average
162,39,Male,488.067423491708,6,4,3,5,3,No,5.03973371048538,Yes,3.75,Excellent
163,35,Male,1945.18054010623,21,1,2,2,5,No,436.93784477941,No,2.5,Average
164,65,Female,294.619066131912,17,4,5,2,2,No,481.010681837393,No,3.25,Average
165,69,Male,1528.49135725037,6,1,5,3,2,No,157.049549537295,No,2.75,Average
166,51,Male,727.522322064642,11,1,5,2,2,No,60.9460082700699,No,2.5,Average
167,67,Female,197.351075964989,10,1,3,4,3,No,99.9387814539689,No,2.75,Average
168,56,Female,687.12767231342,6,2,2,3,5,No,284.610233481806,Yes,3.0,Average
169,20,Male,688.779400758155,23,2,4,5,4,Yes,305.457602496553,No,3.75,Excellent
170,36,Male,375.741233295544,2,5,1,5,3,No,98.6566967102103,No,3.5,Excellent
171,67,Female,250.108823797237,5,5,1,2,3,No,196.91960637092,No,2.75,Average
172,51,Female,1279.73550920415,2,5,3,3,4,Yes,165.994824412276,No,3.75,Excellent
173,29,Female,1510.34759800261,22,3,2,5,1,No,266.437984694886,Yes,2.75,Average
174,64,Female,500.734393232314,14,5,5,4,1,No,122.957796717319,No,3.75,Excellent
175,45,Female,460.616296163897,22,4,4,2,5,Yes,462.671644576483,Yes,3.75,Excellent
176,21,Female,535.33437782497,23,1,2,2,2,Yes,302.250037759818,Yes,1.75,Poor
177,65,Female,780.062366989878,17,3,1,2,4,Yes,202.642016047081,No,2.5,Average
178,42,Female,460.17171700545,19,1,4,2,2,No,250.862320315923,Yes,2.25,Average
179,51,Male,1574.45234746093,15,1,2,3,1,No,19.8831969543284,Yes,1.75,Poor
180,23,Male,517.411281018961,5,1,4,4,3,Yes,391.257907767737,Yes,3.0,Average
181,49,Female,1991.98465628401,19,3,1,2,2,Yes,156.931990217553,No,2.0,Average
182,67,Female,1394.17370705957,15,3,5,5,3,Yes,262.391475462985,Yes,4.0,Excellent
183,64,Female,1659.22286845612,25,1,2,4,1,No,450.517271060847,Yes,2.0,Average
184,60,Female,839.312158641867,29,2,1,2,3,No,175.28047572977,Yes,2.0,Average
185,27,Female,1948.15191801798,22,4,5,2,4,Yes,309.446698150961,Yes,3.75,Excellent
186,63,Male,603.505883654843,23,3,1,2,2,Yes,332.840486104433,No,2.0,Average
187,38,Male,1522.9014103699,1,5,3,4,4,No,295.924694877206,Yes,4.0,Excellent
188,46,Female,521.381463644206,10,3,2,5,5,Yes,68.0769293626435,No,3.75,Excellent
189,21,Female,539.0033177004,22,4,1,4,3,No,310.570047916053,No,3.0,Average
190,58,Female,607.535898645172,26,2,2,2,3,No,38.7847344728676,No,2.25,Average
191,53,Male,1336.1320744511,14,3,1,5,3,Yes,50.3539668380141,Yes,3.0,Average
192,50,Female,655.665855417245,3,5,2,5,3,Yes,357.819407623925,Yes,3.75,Excellent
193,32,Male,610.390320869534,19,4,2,3,3,Yes,489.804318830234,No,3.0,Average
194,59,Male,342.061308698743,10,4,4,4,1,No,288.363586073078,Yes,3.25,Average
195,31,Female,1615.69659148948,1,5,3,4,2,Yes,66.8621095991661,No,3.5,Excellent
196,32,Female,892.637676910142,26,3,4,2,3,Yes,466.868259148564,Yes,3.0,Average
197,32,Female,1744.07121852376,19,3,5,5,5,Yes,47.1541458176669,No,4.5,Excellent
198,60,Female,1394.85948659654,4,5,5,2,1,Yes,102.88075758245,Yes,3.25,Average
199,60,Female,1986.92575297216,11,1,2,2,1,No,230.396052796076,Yes,1.5,Poor
200,37,Male,1802.00321089732,3,2,3,4,3,No,490.191752001433,Yes,3.0,Average
201,65,Female,788.109811014759,26,5,1,5,2,Yes,105.17653069454,Yes,3.25,Average
202,65,Female,991.462923722048,27,3,2,1,1,No,226.175295943771,No,1.75,Poor
203,33,Male,1636.94090018211,7,1,1,4,4,Yes,388.389757576688,No,2.5,Average
204,58,Female,1833.36532871736,11,1,4,3,1,Yes,51.738190444203,Yes,2.25,Average
205,64,Male,988.456704047574,18,2,2,1,4,Yes,204.576750626882,Yes,2.25,Average
206,37,Male,762.243236789461,23,3,3,4,2,Yes,226.795011811542,Yes,3.0,Average
207,60,Female,1357.20059222284,3,2,2,3,5,Yes,235.928753115459,No,3.0,Average
208,33,Female,1979.1740071481,16,3,2,3,2,Yes,161.555079417741,Yes,2.5,Average
209,27,Female,260.549300482787,21,4,2,4,1,No,450.869610128337,Yes,2.75,Average
210,25,Female,1939.70935885271,3,3,3,5,1,Yes,10.6555157496679,Yes,3.0,Average
211,27,Female,1590.4667343292,14,3,4,2,4,No,329.994288960889,No,3.25,Average
212,40,Male,323.359367781753,6,4,1,1,3,Yes,245.594338562412,No,2.25,Average
213,31,Female,228.278411874823,21,4,1,3,2,No,84.8472588229168,Yes,2.5,Average
214,32,Male,1465.73574901462,9,3,5,1,1,Yes,253.024591986069,No,2.5,Average
215,51,Male,968.656595648582,25,3,1,5,4,No,458.619015349259,No,3.25,Average
216,30,Male,756.078850981302,12,4,2,5,5,Yes,397.619996717081,No,4.0,Excellent
217,38,Female,390.843294834169,15,4,3,3,4,No,477.515403446427,Yes,3.5,Excellent
218,50,Female,1760.92189785702,9,2,5,5,5,Yes,215.98116272235,No,4.25,Excellent
219,48,Female,1123.6061836115,7,4,3,3,3,No,274.086357450765,No,3.25,Average
220,52,Female,1114.41623903994,9,1,4,1,4,No,448.415033814784,Yes,2.5,Average
221,68,Male,1739.21635610313,12,1,5,5,2,Yes,189.38431542449,Yes,3.25,Average
222,45,Female,1706.8249957603,16,3,4,1,4,Yes,425.935619910111,Yes,3.0,Average
223,68,Male,120.511283674156,20,3,1,2,5,Yes,14.5580445571853,Yes,2.75,Average
224,39,Male,1750.36138343192,2,4,3,4,4,Yes,229.55533931443,No,3.75,Excellent
225,67,Male,1411.76918960894,29,2,3,5,2,Yes,323.741724394088,Yes,3.0,Average
226,26,Female,1365.50776887317,8,2,1,1,2,No,319.028942207893,No,1.5,Poor
227,58,Male,763.357810979885,26,1,3,5,5,No,252.163217813969,No,3.5,Excellent
228,50,Female,51.7997904130357,17,1,5,5,4,Yes,254.883308245973,Yes,3.75,Excellent
229,22,Male,1893.37849875423,5,1,3,1,5,Yes,384.101964087091,No,2.5,Average
230,58,Male,1534.04189294474,9,1,2,4,3,No,148.415884222674,No,2.5,Average
231,67,Male,996.406034189294,14,5,1,2,5,No,67.5554859022111,Yes,3.25,Average
232,41,Male,1586.48141941679,3,4,3,2,5,No,478.480700708358,Yes,3.5,Excellent
233,65,Male,1426.17170409308,24,2,5,2,1,No,499.813315141639,No,2.5,Average
234,66,Female,1391.76772692282,2,1,3,3,2,No,11.6667834775303,No,2.25,Average
235,47,Male,681.789481841578,1,1,3,2,5,No,277.216409954427,Yes,2.75,Average
236,24,Male,285.995842508307,12,5,3,4,1,No,46.0044706041798,Yes,3.25,Average
237,25,Male,1241.42582316389,17,4,4,2,4,No,163.071223306063,Yes,3.5,Excellent
238,33,Male,902.079075971139,19,4,5,5,1,No,253.304234323173,Yes,3.75,Excellent
239,69,Female,234.677218668755,25,5,5,2,3,Yes,93.7578949056647,Yes,3.75,Excellent
240,23,Female,810.237078870808,20,1,3,5,2,No,79.486503337564,Yes,2.75,Average
241,56,Male,1644.8155520277,21,2,2,4,1,No,154.50739707565,Yes,2.25,Average
242,25,Female,1106.24008332052,12,4,4,1,4,Yes,101.785490252797,No,3.25,Average
243,19,Female,1230.74557710679,22,3,4,1,2,Yes,472.305166907267,Yes,2.5,Average
244,35,Female,1451.46171316262,22,2,5,4,5,Yes,321.612172950994,Yes,4.0,Excellent
245,37,Male,1565.75975137464,27,2,2,1,5,No,218.319179671527,No,2.5,Average
246,40,Male,1090.97256100012,17,3,2,3,1,Yes,10.2391464009415,No,2.25,Average
247,51,Male,1269.53323499234,17,4,2,3,1,Yes,226.02070293469,Yes,2.5,Average
248,22,Female,1196.53663952596,17,1,4,3,4,No,260.630971804271,No,3.0,Average
249,61,Male,322.782101656201,1,1,3,1,4,Yes,242.160542867888,Yes,2.25,Average
250,69,Female,1874.39862205465,21,3,4,1,1,No,237.922070447384,No,2.25,Average
251,63,Male,1749.87005927812,7,1,3,2,1,No,301.39200849829,No,1.75,Poor
252,43,Male,468.903576265281,23,3,3,4,4,Yes,376.060861845188,Yes,3.5,Excellent
253,46,Female,198.674743688178,15,4,4,3,3,Yes,327.712865134496,Yes,3.5,Excellent
254,46,Male,1879.40508795966,3,5,4,1,1,Yes,115.264019858075,Yes,2.75,Average
255,36,Male,661.173080747073,28,2,3,1,1,No,432.832935288291,No,1.75,Poor
256,64,Female,81.9965257931483,24,2,5,2,3,Yes,13.7996886361119,No,3.0,Average
257,27,Male,1620.187068287,18,5,3,4,5,Yes,20.0661696112564,Yes,4.25,Excellent
258,32,Female,1722.37895567837,23,2,3,1,4,No,249.361752872663,Yes,2.5,Average
259,69,Male,135.986883202654,13,1,4,1,2,Yes,184.552976674929,Yes,2.0,Average
260,40,Female,257.17072198341,13,1,2,4,1,No,270.743507636164,Yes,2.0,Average
261,25,Female,1972.7075249863,12,1,1,2,2,Yes,371.971686896848,Yes,1.5,Poor
262,42,Female,608.599123518234,10,2,4,4,3,No,366.566060458439,No,3.25,Average
263,42,Female,706.792624775463,28,2,3,2,4,Yes,90.3322726840667,No,2.75,Average
264,35,Male,1574.77322671586,17,4,2,1,2,Yes,450.620157326086,Yes,2.25,Average
265,28,Female,270.00759293011,23,2,4,3,3,No,165.583489959971,Yes,3.0,Average
266,36,Female,1700.90436191319,17,3,5,5,2,Yes,404.89356194254,No,3.75,Excellent
267,54,Female,197.356403803999,2,2,3,1,1,No,295.12134308373,Yes,1.75,Poor
268,35,Female,427.110898289805,6,4,2,1,5,No,215.496417536909,No,3.0,Average
269,60,Female,1933.70591720964,22,5,1,2,5,No,457.720423019817,No,3.25,Average
270,48,Male,1417.43105961912,26,1,4,5,2,Yes,250.857030966609,Yes,3.0,Average
271,32,Male,1318.36335960922,23,5,3,2,2,Yes,163.919338682793,No,3.0,Average
272,28,Female,204.822413312581,6,3,2,4,5,No,397.720875574122,No,3.5,Excellent
273,40,Female,1201.11791042256,7,4,1,3,3,No,456.920804838942,Yes,2.75,Average
274,59,Male,1658.3732556146,14,3,1,3,4,No,70.9122619971678,Yes,2.75,Average
275,37,Male,1995.56971166703,11,1,3,2,2,No,82.849516168128,No,2.0,Average
276,61,Female,1439.84550385993,2,2,5,5,3,Yes,33.0665079086765,No,3.75,Excellent
277,64,Male,1403.58527880188,10,5,1,4,4,Yes,98.2747678616946,No,3.5,Excellent
278,67,Female,567.276282647042,23,2,4,4,1,Yes,327.532943130343,No,2.75,Average
279,61,Female,1112.79639060358,13,3,4,5,1,No,371.795103366271,No,3.25,Average
280,23,Male,196.162351989143,14,3,2,1,3,Yes,199.238349241922,No,2.25,Average
281,45,Female,1693.23577950338,8,3,5,4,4,Yes,100.766785216328,Yes,4.0,Excellent
282,21,Male,1847.91290113411,16,3,5,1,3,No,433.225922181429,Yes,3.0,Average
283,29,Female,1442.44977812056,23,5,3,4,5,Yes,467.796225130621,Yes,4.25,Excellent
284,48,Male,1022.24298056211,1,5,5,4,3,Yes,358.940650609132,Yes,4.25,Excellent
285,38,Male,1443.14739877868,25,4,1,5,3,No,372.754440269046,No,3.25,Average
286,59,Female,1643.1042580393,9,2,3,1,3,Yes,414.320642343532,No,2.25,Average
287,66,Male,1826.76065235936,27,4,2,4,5,No,355.194275317305,No,3.75,Excellent
288,42,Female,159.032772521527,22,2,5,5,2,Yes,164.26055695812,Yes,3.5,Excellent
289,18,Female,799.273138666234,7,5,1,1,1,Yes,38.1457634506145,Yes,2.0,Average
290,68,Female,558.653043134182,27,5,5,3,3,No,493.305276089293,No,4.0,Excellent
291,64,Male,1764.73931984642,16,3,2,3,4,Yes,349.513619088544,Yes,3.0,Average
292,54,Female,1854.47315029412,13,4,1,3,5,No,464.817957665712,Yes,3.25,Average
293,36,Female,640.154808914047,1,5,4,3,2,No,266.111585785524,Yes,3.5,Excellent
294,50,Male,1759.4262340814,23,2,2,1,4,Yes,107.079947241913,Yes,2.25,Average
295,22,Female,283.965162115222,22,3,3,3,5,No,199.715847745751,Yes,3.5,Excellent
296,38,Male,103.544163703535,26,3,2,5,5,Yes,317.532935158098,Yes,3.75,Excellent
297,34,Male,1799.49045141768,5,4,4,5,2,No,188.77189747798,No,3.75,Excellent
298,32,Male,1819.5015977695,18,4,4,5,3,Yes,249.734956954494,Yes,4.0,Excellent
299,56,Female,646.315736976137,23,2,3,2,5,Yes,424.620856395634,No,3.0,Average
300,64,Male,1235.70950352845,15,4,3,1,1,No,348.970508550155,No,2.25,Average
301,20,Male,1241.01418001195,11,5,2,5,4,Yes,82.416136306999,No,4.0,Excellent
302,39,Female,1718.66697680462,23,1,2,3,3,No,80.0034659069275,No,2.25,Average
303,52,Male,1097.01042381089,19,4,2,5,3,No,453.483935575294,No,3.5,Excellent
304,47,Male,1129.59086682667,17,4,5,4,4,No,447.358190271338,Yes,4.25,Excellent
305,34,Female,491.418278491651,8,3,2,3,3,No,249.311815524304,Yes,2.75,Average
306,63,Male,290.488384054278,23,2,3,3,3,No,284.054630400876,Yes,2.75,Average
307,52,Female,266.472242240842,23,4,1,2,2,No,298.338732716387,Yes,2.25,Average
308,48,Male,686.295488438661,25,1,3,1,3,Yes,412.787583620911,No,2.0,Average
309,26,Female,216.060664404914,6,1,3,4,5,No,332.798134778856,No,3.25,Average
310,26,Female,997.392648338951,11,5,4,1,3,No,359.82754661904,No,3.25,Average
311,21,Female,854.011026681983,4,4,1,2,2,No,328.321620442644,No,2.25,Average
312,64,Female,682.560378465,27,3,5,5,1,No,144.848375632077,Yes,3.5,Excellent
313,67,Female,393.354300960802,14,5,2,3,5,No,219.244553059639,No,3.75,Excellent
314,38,Female,1952.49992606602,14,5,5,5,5,No,253.218703442925,Yes,5.0,Excellent
315,19,Female,1259.91082015928,6,5,5,5,3,No,420.102815823011,Yes,4.5,Excellent
316,28,Female,1251.15950437197,25,5,4,2,3,No,482.175077947514,No,3.5,Excellent
317,30,Male,528.382618813417,22,1,5,2,2,No,88.8556007621262,Yes,2.5,Average
318,40,Male,1741.27544811915,28,1,5,3,5,No,9.74825111356886,Yes,3.5,Excellent
319,46,Male,1313.84398290307,19,3,4,3,2,Yes,367.781223546411,No,3.0,Average
320,61,Female,1550.0074427246,11,4,2,4,3,Yes,449.31175041462,Yes,3.25,Average
321,69,Female,430.697708513603,17,2,4,5,3,Yes,117.698387968212,No,3.5,Excellent
322,31,Female,398.614660033192,24,1,2,1,5,Yes,64.28852638626,No,2.25,Average
323,33,Female,226.348616420286,4,2,1,1,3,No,91.1887619129872,No,1.75,Poor
324,39,Male,297.456619604076,9,1,4,5,2,No,142.476205865137,No,3.0,Average
325,60,Male,197.043292838738,29,3,3,5,5,Yes,216.623727450818,No,4.0,Excellent
326,60,Female,511.0866417105,12,1,4,2,1,Yes,471.894076217378,No,2.0,Average
327,58,Female,1534.47158386411,25,2,2,5,1,No,88.1654544941936,Yes,2.5,Average
328,37,Female,230.397371888624,4,1,4,4,1,Yes,410.181768750474,Yes,2.5,Average
329,38,Female,444.050941586421,17,1,3,3,4,No,369.704284078939,Yes,2.75,Average
330,67,Male,1841.8769402965,2,2,5,2,5,No,363.71527569996,No,3.5,Excellent
331,60,Male,582.181847777853,5,5,5,2,2,No,431.499663246477,Yes,3.5,Excellent
332,69,Female,923.931665273711,28,5,1,3,3,No,275.643128374278,Yes,3.0,Average
333,42,Male,1089.63069436185,21,5,2,2,2,No,104.475314797073,Yes,2.75,Average
334,54,Female,1827.02528156742,10,5,1,5,4,Yes,298.164683567846,Yes,3.75,Excellent
335,45,Male,1580.94339496985,7,3,4,4,3,No,49.0207425445322,No,3.5,Excellent
336,53,Female,1416.52590534268,1,4,3,2,1,Yes,214.949591619765,No,2.5,Average
337,20,Female,133.743723850019,3,5,4,4,5,Yes,21.7833156035946,No,4.5,Excellent
338,19,Female,1750.38636943906,1,3,3,4,1,No,406.062223221445,No,2.75,Average
339,30,Female,1250.28984707955,15,3,4,3,2,No,115.119125339023,Yes,3.0,Average
340,61,Female,908.025034731155,6,2,5,3,4,Yes,404.00324278385,Yes,3.5,Excellent
341,34,Female,1800.05096848616,24,3,2,5,2,Yes,406.46479413476,Yes,3.0,Average
342,44,Female,259.082093963045,25,3,4,2,1,Yes,450.127423513361,No,2.5,Average
343,63,Female,729.929457385709,21,1,4,5,2,No,262.860221931017,No,3.0,Average
344,50,Female,424.751662288483,17,3,4,2,3,No,259.501697680323,Yes,3.0,Average
345,61,Female,525.853174274159,12,1,4,5,4,Yes,352.906853592476,No,3.5,Excellent
346,29,Male,1733.41729920528,9,1,2,3,3,No,298.195416478511,No,2.25,Average
347,20,Female,889.498135666421,2,3,4,4,3,No,392.510118184531,No,3.5,Excellent
348,34,Female,102.843962662732,8,2,4,2,2,Yes,427.864536301031,Yes,2.5,Average
349,55,Male,1836.07948021685,12,1,4,1,4,Yes,439.423191164936,Yes,2.5,Average
350,34,Female,304.032935021924,9,1,2,5,2,No,374.306361177425,No,2.5,Average
351,69,Male,1794.92176475231,23,1,4,4,4,No,267.635656266186,Yes,3.25,Average
352,62,Female,1576.187354595,11,4,5,4,3,No,103.452704349804,No,4.0,Excellent
353,57,Female,660.712401956425,26,5,4,4,4,Yes,156.765552728764,No,4.25,Excellent
354,45,Female,1765.83324741092,18,5,1,3,3,No,424.234263678779,Yes,3.0,Average
355,24,Female,1780.0998858555,16,3,5,4,5,Yes,379.047174613013,Yes,4.25,Excellent
356,52,Female,1010.94876447278,15,1,1,1,4,Yes,330.997310375363,Yes,1.75,Poor
357,22,Male,505.146375956443,3,4,1,3,5,Yes,490.426623827901,No,3.25,Average
358,62,Male,941.572132582413,23,3,1,2,3,No,374.785727707317,No,2.25,Average
359,46,Female,729.05062053967,29,1,3,5,2,Yes,416.69177143184,Yes,2.75,Average
360,68,Male,115.930385976618,9,1,4,1,5,No,334.821669581951,No,2.75,Average
361,22,Female,79.5475915682684,13,1,2,1,5,No,99.0552073667591,Yes,2.25,Average
362,24,Male,860.560184893851,18,4,1,4,5,No,107.973847427513,No,3.5,Excellent
363,60,Female,1636.68496733966,16,3,5,4,3,Yes,370.695538691595,No,3.75,Excellent
364,36,Female,967.160230265053,23,4,5,2,4,No,254.666345995715,No,3.75,Excellent
365,29,Male,517.598137728306,14,3,4,1,3,No,371.658087187681,Yes,2.75,Average
366,52,Male,1782.24495081463,2,5,1,4,3,No,251.96540278829,Yes,3.25,Average
367,48,Female,880.183301966142,2,3,4,4,4,Yes,459.34092836718,Yes,3.75,Excellent
368,19,Female,1639.98905904362,29,2,2,1,1,No,410.329017342731,No,1.5,Poor
369,63,Female,1637.38631492534,19,2,3,2,5,No,233.925003775443,Yes,3.0,Average
370,45,Female,689.896487889679,14,2,2,3,4,No,68.153996329667,No,2.75,Average
371,30,Female,1026.51748543125,26,4,3,1,5,Yes,132.211320076057,No,3.25,Average
372,38,Female,1856.6413824245,5,1,1,1,3,No,209.671098930067,No,1.5,Poor
373,43,Female,1379.49846162081,26,3,3,5,4,No,488.795577969653,No,3.75,Excellent
374,66,Female,1825.83173824256,5,1,5,1,3,No,139.905625039144,Yes,2.5,Average
375,39,Female,1553.76018140043,8,2,3,4,2,No,238.446137247196,Yes,2.75,Average
376,31,Female,112.279130835147,11,3,4,1,1,Yes,186.983817110764,No,2.25,Average
377,51,Male,424.335976761439,10,2,5,5,5,Yes,179.113438779061,No,4.25,Excellent
378,44,Female,1724.98167272252,24,1,5,4,4,No,177.588615364365,Yes,3.5,Excellent
379,35,Female,1584.19698239466,11,3,2,3,4,Yes,463.815745114506,Yes,3.0,Average
380,51,Male,963.035781987954,11,3,1,3,1,Yes,14.6057126046632,No,2.0,Average
381,30,Female,1630.72856712393,18,4,1,1,5,No,410.808419119884,Yes,2.75,Average
382,67,Female,1034.54024505924,5,1,3,3,5,No,407.371136337269,Yes,3.0,Average
383,18,Female,1613.12631891196,25,4,3,3,5,No,413.084306532862,Yes,3.75,Excellent
384,28,Male,1900.09334700802,2,2,3,5,1,No,11.1803902696878,No,2.75,Average
385,43,Male,1431.34385534111,9,2,1,5,2,No,486.750461716201,Yes,2.5,Average
386,56,Male,253.72767942696,13,4,3,3,5,Yes,496.507177618354,No,3.75,Excellent
387,21,Male,443.418510807591,13,2,5,3,4,No,217.728713786748,No,3.5,Excellent
388,45,Female,1570.34081706697,28,1,4,5,1,Yes,382.806901900097,Yes,2.75,Average
389,36,Female,1195.56504186689,14,1,2,1,2,Yes,280.301974323244,Yes,1.5,Poor
390,23,Male,1623.56472537928,17,2,5,4,4,No,399.412050096564,Yes,3.75,Excellent
391,45,Female,1830.86895591615,14,2,1,4,3,Yes,411.070535502583,No,2.5,Average
392,21,Female,347.797439660632,7,1,2,4,3,Yes,8.20125744719341,No,2.5,Average
393,50,Female,1549.89343838635,10,4,4,5,5,Yes,134.462572395752,No,4.5,Excellent
394,68,Female,1787.07092960116,22,2,4,5,4,No,205.0274133421,No,3.75,Excellent
395,51,Female,1097.07894902533,12,4,5,2,1,Yes,440.960781137291,No,3.0,Average
396,57,Female,487.192063074488,17,1,1,4,5,No,16.3657850133264,Yes,2.75,Average
397,55,Male,1723.08242140516,2,4,5,2,4,Yes,248.110608479432,Yes,3.75,Excellent
398,52,Male,1544.02276645648,1,2,5,3,5,No,345.583350432589,No,3.75,Excellent
399,26,Male,1259.45879596722,11,3,1,2,2,No,140.435559563113,Yes,2.0,Average
400,48,Female,549.721003277622,27,5,1,1,3,Yes,226.114149562958,Yes,2.5,Average
401,44,Female,1854.93913486289,3,4,4,4,2,No,362.087934295395,Yes,3.5,Excellent
402,61,Male,492.112734187865,15,2,1,2,3,Yes,45.5057895873787,No,2.0,Average
403,49,Female,130.851310250247,28,3,1,1,3,No,177.163034735388,Yes,2.0,Average
404,59,Male,961.636214235511,7,2,4,3,5,No,246.103394726144,Yes,3.5,Excellent
405,62,Male,1973.94236246754,27,1,2,2,2,Yes,314.679553758198,No,1.75,Poor
406,59,Male,192.901055700188,21,5,5,2,3,No,407.369908809303,Yes,3.75,Excellent
407,52,Male,863.328024235796,7,1,3,5,3,No,278.831233812716,No,3.0,Average
408,26,Female,1372.14397088335,12,4,4,5,2,Yes,284.356515388608,Yes,3.75,Excellent
409,48,Female,1263.9679268533,5,1,5,2,3,No,334.430123634471,Yes,2.75,Average
410,45,Male,1544.80310125649,14,1,3,5,1,Yes,1.82871970861898,No,2.5,Average
411,39,Female,318.922877475996,7,5,5,4,4,No,90.5978384360693,Yes,4.5,Excellent
412,29,Male,1477.7915736323,7,5,2,2,3,Yes,135.652515412081,No,3.0,Average
413,32,Male,249.714449510655,24,2,4,2,2,No,172.141168418807,No,2.5,Average
414,35,Male,1539.2933330653,11,4,4,4,5,No,494.98805714274,Yes,4.25,Excellent
415,20,Female,468.641891323901,4,3,1,1,5,No,348.043851249293,Yes,2.5,Average
416,65,Male,1609.10377628999,10,1,2,3,4,Yes,251.986411676168,No,2.5,Average
417,58,Female,1009.30297021933,23,5,4,4,5,No,125.800601834926,No,4.5,Excellent
418,66,Female,399.399137053801,5,2,2,1,5,Yes,209.613902552365,No,2.5,Average
419,25,Male,103.192935649308,25,1,3,2,1,No,48.7188555305268,Yes,1.75,Poor
420,27,Male,1085.49808110812,8,5,2,5,3,Yes,213.196863240299,Yes,3.75,Excellent
421,45,Female,74.8160602364071,25,3,5,3,1,Yes,416.195510752613,Yes,3.0,Average
422,45,Male,1466.99397313248,18,4,2,4,4,Yes,423.571347306904,No,3.5,Excellent
423,43,Female,1192.3742178101,17,2,3,5,4,Yes,460.407339435239,Yes,3.5,Excellent
424,26,Female,291.613728664267,5,1,2,5,3,Yes,176.695189623877,No,2.75,Average
425,45,Male,852.462540941722,16,5,5,3,4,No,20.7085281907232,No,4.25,Excellent
426,24,Male,1036.21624599073,24,3,3,3,4,Yes,18.6012159926547,Yes,3.25,Average
427,18,Male,1081.08260002141,10,2,5,5,4,No,193.885683316371,Yes,4.0,Excellent
428,63,Male,1702.57690666707,10,5,4,1,4,Yes,390.566379560432,Yes,3.5,Excellent
429,64,Male,1498.90409452534,3,4,5,1,5,Yes,352.815971105702,Yes,3.75,Excellent
430,55,Female,1584.80155013199,10,5,1,1,1,No,375.345849931401,No,2.0,Average
431,43,Female,591.07957807201,21,3,3,1,2,No,466.153387642276,No,2.25,Average
432,66,Female,1725.82331365356,10,5,3,2,5,No,333.279246971503,Yes,3.75,Excellent
433,64,Female,281.327575747965,13,1,4,4,2,Yes,39.5847227205068,Yes,2.75,Average
434,31,Male,1286.88178025082,15,3,3,1,2,No,80.8417943142401,No,2.25,Average
435,60,Male,1376.60055916893,27,1,3,2,5,Yes,343.239398072609,Yes,2.75,Average
436,43,Female,1142.39448956037,3,3,4,1,2,No,264.023258818208,No,2.5,Average
437,66,Female,170.839485405398,26,4,5,4,4,No,431.048666635222,Yes,4.25,Excellent
438,64,Male,386.974254853052,21,2,1,4,3,No,115.884086091403,No,2.5,Average
439,21,Male,1706.87304318729,15,1,1,1,3,No,200.530291355485,Yes,1.5,Poor
440,47,Male,381.712948573643,10,1,2,4,5,No,162.86251197546,Yes,3.0,Average
441,45,Male,1665.93092762716,17,3,5,3,3,Yes,422.909274093856,No,3.5,Excellent
442,47,Male,1490.23364208584,6,1,1,5,1,Yes,222.636589780943,Yes,2.0,Average
443,59,Male,1016.95107044812,15,1,1,2,2,No,166.597610711651,No,1.5,Poor
444,51,Female,1992.10193718724,27,5,4,1,1,No,430.263997074561,Yes,2.75,Average
445,33,Female,1793.9246834297,11,4,5,3,5,No,58.8103816093363,Yes,4.25,Excellent
446,46,Male,1637.22187213641,19,3,2,2,4,No,0.772696347022928,Yes,2.75,Average
447,41,Male,1837.17001720568,21,5,5,2,5,Yes,417.776660841239,No,4.25,Excellent
448,39,Male,1800.96557487663,22,5,4,1,2,Yes,152.795485867778,No,3.0,Average
449,41,Female,858.78195982746,23,2,2,4,4,Yes,254.313886468371,Yes,3.0,Average
450,38,Female,677.818689304785,9,4,4,5,3,No,393.034780444294,Yes,4.0,Excellent
451,36,Male,1602.62295972309,14,1,4,1,5,Yes,73.2884215449836,Yes,2.75,Average
452,64,Male,967.025513480454,19,2,2,2,1,Yes,273.815724259855,Yes,1.75,Poor
453,60,Female,635.607896401934,9,3,1,1,3,Yes,51.0773360049158,No,2.0,Average
454,62,Female,647.096196934243,20,3,3,3,3,No,81.9709824094786,Yes,3.0,Average
455,24,Female,1113.98062285812,7,3,5,2,2,No,58.2963548406364,No,3.0,Average
456,18,Female,138.156727919464,10,5,5,1,4,No,151.326636179322,Yes,3.75,Excellent
457,20,Female,859.893204074118,12,3,2,4,2,No,273.115141246976,Yes,2.75,Average
458,52,Male,895.352344841332,11,5,2,5,5,No,153.654724726617,Yes,4.25,Excellent
459,57,Male,1487.9660716702,9,3,5,3,1,No,418.731028836133,No,3.0,Average
460,21,Female,403.723270009854,2,3,5,4,2,No,282.289750229726,Yes,3.5,Excellent
461,21,Female,677.619038982612,20,2,4,1,5,No,262.397528061253,No,3.0,Average
462,62,Female,378.088234665922,8,2,2,1,5,Yes,88.3093689013252,No,2.5,Average
463,37,Male,1295.72919629077,12,5,1,1,3,Yes,25.9839467565241,No,2.5,Average
464,30,Male,1849.41604077191,8,2,2,1,2,No,322.245995352069,Yes,1.75,Poor
465,37,Female,258.971176078247,4,4,1,3,4,No,129.990916622925,No,3.0,Average
466,48,Female,346.796217847333,19,4,2,1,4,No,148.377014550601,No,2.75,Average
467,18,Male,815.007239024596,16,5,5,5,5,Yes,390.535005507469,Yes,5.0,Excellent
468,52,Female,1568.52073394202,3,1,2,5,3,Yes,24.2354977552394,No,2.75,Average
469,50,Male,590.218925725656,4,3,2,5,1,Yes,7.99527114144899,Yes,2.75,Average
470,38,Female,332.784710372591,19,5,1,2,2,Yes,365.415761562097,No,2.5,Average
471,37,Female,152.183638935116,26,4,4,2,5,No,354.905682282647,Yes,3.75,Excellent
472,39,Female,1903.00667666453,7,3,2,2,1,No,328.240218631946,No,2.0,Average
473,28,Female,861.136625357444,10,3,3,5,1,No,99.9459776087149,Yes,3.0,Average
474,64,Female,1236.60898100387,14,2,3,4,4,No,54.4860200326799,No,3.25,Average
475,57,Female,1946.59648329888,8,4,3,5,2,Yes,495.397292628393,No,3.5,Excellent
476,42,Male,435.827065298834,4,4,4,5,5,Yes,499.658742363438,No,4.5,Excellent
477,35,Female,933.448223474078,28,4,5,2,2,No,40.2060981783773,No,3.25,Average
478,51,Female,1276.81419146187,11,1,2,3,2,Yes,370.799406121636,No,2.0,Average
479,64,Female,1505.25681818793,20,1,3,5,5,No,41.2149419347223,Yes,3.5,Excellent
480,31,Female,750.906233756592,9,4,2,3,4,Yes,83.9325830594582,No,3.25,Average
481,48,Male,427.902035578761,10,3,3,5,3,No,147.988352988904,Yes,3.5,Excellent
482,61,Female,882.211473303777,29,2,4,4,5,No,383.448723851091,Yes,3.75,Excellent
483,30,Female,1797.94112472167,12,1,3,4,1,Yes,164.307558674169,Yes,2.25,Average
484,24,Male,1101.64293604231,17,3,2,1,5,Yes,85.7516500353119,No,2.75,Average
485,68,Male,1907.62825645373,4,3,2,4,3,No,139.771787014418,Yes,3.0,Average
486,47,Female,1767.18222917871,17,2,4,5,4,No,367.743477635798,No,3.75,Excellent
487,68,Male,1566.35488708922,8,2,2,4,5,No,362.207501069354,No,3.25,Average
488,27,Female,253.576163374576,19,1,3,4,3,Yes,185.716965622921,Yes,2.75,Average
489,46,Female,110.651118408375,13,5,4,3,5,No,203.620831150495,Yes,4.25,Excellent
490,68,Female,763.213341854389,12,5,3,3,3,No,235.100912545631,Yes,3.5,Excellent
491,58,Female,156.235871498297,26,2,5,3,4,Yes,41.0596863156607,Yes,3.5,Excellent
492,50,Male,597.192982009586,18,1,4,4,2,No,158.727850608361,No,2.75,Average
493,62,Male,1492.31910742008,11,1,3,5,5,No,67.5439201164075,Yes,3.5,Excellent
494,57,Male,871.795522027859,5,3,1,4,4,Yes,249.01886734002,Yes,3.0,Average
495,41,Male,1865.56571968138,4,2,4,4,2,Yes,287.986081172518,Yes,3.0,Average
496,25,Female,1331.6732439791,2,1,4,5,5,No,483.526690423924,No,3.75,Excellent
497,53,Male,1031.81404977963,2,3,3,1,3,No,372.031010886125,Yes,2.5,Average
498,42,Female,1554.7182559579,26,5,1,2,3,No,373.020405019418,No,2.75,Average
499,35,Male,1744.89196500329,11,2,2,3,2,Yes,414.246262527643,No,2.25,Average
500,60,Male,110.98552564626,14,3,5,1,4,No,85.8950888638487,Yes,3.25,Average
